[{
	"X" : 23,
	"자치구" : "강남구",
	"살인_발생" : 7,
	"살인_검거" : 7,
	"살인_검거율" : 100,
	"강도_발생" : 20,
	"강도_검거" : 24,
	"강도_검거율" : 120,
	"강간_발생" : 607,
	"강간_검거" : 496,
	"강간_검거율" : 81,
	"절도_발생" : 3130,
	"절도_검거" : 1383,
	"절도_검거율" : 44,
	"폭력_발생" : 3956,
	"폭력_검거" : 3411,
	"폭력_검거율" : 86,
	"범죄_발생_총합" : 7720,
	"범죄_검거_총합" : 5321,
	"검거율" : 68
}, {
	"X" : 25,
	"자치구" : "강동구",
	"살인_발생" : 5,
	"살인_검거" : 6,
	"살인_검거율" : 120,
	"강도_발생" : 10,
	"강도_검거" : 12,
	"강도_검거율" : 120,
	"강간_발생" : 172,
	"강간_검거" : 169,
	"강간_검거율" : 98,
	"절도_발생" : 1645,
	"절도_검거" : 949,
	"절도_검거율" : 57,
	"폭력_발생" : 2429,
	"폭력_검거" : 2109,
	"폭력_검거율" : 86,
	"범죄_발생_총합" : 4261,
	"범죄_검거_총합" : 3245,
	"검거율" : 76
}, {
	"X" : 9,
	"자치구" : "강북구",
	"살인_발생" : 8,
	"살인_검거" : 8,
	"살인_검거율" : 100,
	"강도_발생" : 7,
	"강도_검거" : 5,
	"강도_검거율" : 71,
	"강간_발생" : 208,
	"강간_검거" : 153,
	"강간_검거율" : 73,
	"절도_발생" : 1014,
	"절도_검거" : 635,
	"절도_검거율" : 62,
	"폭력_발생" : 2156,
	"폭력_검거" : 2023,
	"폭력_검거율" : 93,
	"범죄_발생_총합" : 3393,
	"범죄_검거_총합" : 2824,
	"검거율" : 83
}, {
	"X" : 16,
	"자치구" : "강서구",
	"살인_발생" : 11,
	"살인_검거" : 11,
	"살인_검거율" : 100,
	"강도_발생" : 4,
	"강도_검거" : 6,
	"강도_검거율" : 150,
	"강간_발생" : 316,
	"강간_검거" : 253,
	"강간_검거율" : 80,
	"절도_발생" : 1888,
	"절도_검거" : 1113,
	"절도_검거율" : 58,
	"폭력_발생" : 2916,
	"폭력_검거" : 2544,
	"폭력_검거율" : 87,
	"범죄_발생_총합" : 5135,
	"범죄_검거_총합" : 3927,
	"검거율" : 76
}, {
	"X" : 21,
	"자치구" : "관악구",
	"살인_발생" : 8,
	"살인_검거" : 7,
	"살인_검거율" : 87,
	"강도_발생" : 7,
	"강도_검거" : 6,
	"강도_검거율" : 85,
	"강간_발생" : 379,
	"강간_검거" : 323,
	"강간_검거율" : 85,
	"절도_발생" : 1979,
	"절도_검거" : 1152,
	"절도_검거율" : 58,
	"폭력_발생" : 3152,
	"폭력_검거" : 2666,
	"폭력_검거율" : 84,
	"범죄_발생_총합" : 5525,
	"범죄_검거_총합" : 4154,
	"검거율" : 75
}, {
	"X" : 5,
	"자치구" : "광진구",
	"살인_발생" : 6,
	"살인_검거" : 5,
	"살인_검거율" : 83,
	"강도_발생" : 13,
	"강도_검거" : 8,
	"강도_검거율" : 61,
	"강간_발생" : 261,
	"강간_검거" : 208,
	"강간_검거율" : 79,
	"절도_발생" : 2220,
	"절도_검거" : 1168,
	"절도_검거율" : 52,
	"폭력_발생" : 2146,
	"폭력_검거" : 1900,
	"폭력_검거율" : 88,
	"범죄_발생_총합" : 4646,
	"범죄_검거_총합" : 3289,
	"검거율" : 70
}, {
	"X" : 17,
	"자치구" : "구로구",
	"살인_발생" : 7,
	"살인_검거" : 8,
	"살인_검거율" : 114,
	"강도_발생" : 8,
	"강도_검거" : 6,
	"강도_검거율" : 75,
	"강간_발생" : 328,
	"강간_검거" : 181,
	"강간_검거율" : 55,
	"절도_발생" : 1725,
	"절도_검거" : 869,
	"절도_검거율" : 50,
	"폭력_발생" : 2827,
	"폭력_검거" : 2344,
	"폭력_검거율" : 82,
	"범죄_발생_총합" : 4895,
	"범죄_검거_총합" : 3408,
	"검거율" : 69
}, {
	"X" : 18,
	"자치구" : "금천구",
	"살인_발생" : 5,
	"살인_검거" : 5,
	"살인_검거율" : 100,
	"강도_발생" : 5,
	"강도_검거" : 5,
	"강도_검거율" : 100,
	"강간_발생" : 240,
	"강간_검거" : 212,
	"강간_검거율" : 88,
	"절도_발생" : 1141,
	"절도_검거" : 674,
	"절도_검거율" : 59,
	"폭력_발생" : 1874,
	"폭력_검거" : 1676,
	"폭력_검거율" : 89,
	"범죄_발생_총합" : 3265,
	"범죄_검거_총합" : 2572,
	"검거율" : 78
}, {
	"X" : 11,
	"자치구" : "노원구",
	"살인_발생" : 4,
	"살인_검거" : 4,
	"살인_검거율" : 100,
	"강도_발생" : 9,
	"강도_검거" : 7,
	"강도_검거율" : 77,
	"강간_발생" : 180,
	"강간_검거" : 155,
	"강간_검거율" : 86,
	"절도_발생" : 1538,
	"절도_검거" : 757,
	"절도_검거율" : 49,
	"폭력_발생" : 2478,
	"폭력_검거" : 2124,
	"폭력_검거율" : 85,
	"범죄_발생_총합" : 4209,
	"범죄_검거_총합" : 3047,
	"검거율" : 72
}, {
	"X" : 10,
	"자치구" : "도봉구",
	"살인_발생" : 1,
	"살인_검거" : 1,
	"살인_검거율" : 100,
	"강도_발생" : 3,
	"강도_검거" : 3,
	"강도_검거율" : 100,
	"강간_발생" : 104,
	"강간_검거" : 115,
	"강간_검거율" : 110,
	"절도_발생" : 633,
	"절도_검거" : 417,
	"절도_검거율" : 65,
	"폭력_발생" : 1258,
	"폭력_검거" : 1116,
	"폭력_검거율" : 88,
	"범죄_발생_총합" : 1999,
	"범죄_검거_총합" : 1652,
	"검거율" : 82
}, {
	"X" : 6,
	"자치구" : "동대문구",
	"살인_발생" : 11,
	"살인_검거" : 10,
	"살인_검거율" : 90,
	"강도_발생" : 3,
	"강도_검거" : 5,
	"강도_검거율" : 166,
	"강간_발생" : 165,
	"강간_검거" : 149,
	"강간_검거율" : 90,
	"절도_발생" : 1547,
	"절도_검거" : 1017,
	"절도_검거율" : 65,
	"폭력_발생" : 2249,
	"폭력_검거" : 2093,
	"폭력_검거율" : 93,
	"범죄_발생_총합" : 3975,
	"범죄_검거_총합" : 3274,
	"검거율" : 82
}, {
	"X" : 20,
	"자치구" : "동작구",
	"살인_발생" : 1,
	"살인_검거" : 1,
	"살인_검거율" : 100,
	"강도_발생" : 7,
	"강도_검거" : 9,
	"강도_검거율" : 128,
	"강간_발생" : 396,
	"강간_검거" : 173,
	"강간_검거율" : 43,
	"절도_발생" : 1226,
	"절도_검거" : 593,
	"절도_검거율" : 48,
	"폭력_발생" : 1700,
	"폭력_검거" : 1466,
	"폭력_검거율" : 86,
	"범죄_발생_총합" : 3330,
	"범죄_검거_총합" : 2242,
	"검거율" : 67
}, {
	"X" : 14,
	"자치구" : "마포구",
	"살인_발생" : 3,
	"살인_검거" : 3,
	"살인_검거율" : 100,
	"강도_발생" : 8,
	"강도_검거" : 8,
	"강도_검거율" : 100,
	"강간_발생" : 500,
	"강간_검거" : 429,
	"강간_검거율" : 85,
	"절도_발생" : 2094,
	"절도_검거" : 837,
	"절도_검거율" : 39,
	"폭력_발생" : 2673,
	"폭력_검거" : 2222,
	"폭력_검거율" : 83,
	"범죄_발생_총합" : 5278,
	"범죄_검거_총합" : 3499,
	"검거율" : 66
}, {
	"X" : 13,
	"자치구" : "서대문구",
	"살인_발생" : 4,
	"살인_검거" : 4,
	"살인_검거율" : 100,
	"강도_발생" : 1,
	"강도_검거" : 2,
	"강도_검거율" : 200,
	"강간_발생" : 202,
	"강간_검거" : 181,
	"강간_검거율" : 89,
	"절도_발생" : 1230,
	"절도_검거" : 719,
	"절도_검거율" : 58,
	"폭력_발생" : 1676,
	"폭력_검거" : 1393,
	"폭력_검거율" : 83,
	"범죄_발생_총합" : 3113,
	"범죄_검거_총합" : 2299,
	"검거율" : 73
}, {
	"X" : 22,
	"자치구" : "서초구",
	"살인_발생" : 9,
	"살인_검거" : 10,
	"살인_검거율" : 111,
	"강도_발생" : 13,
	"강도_검거" : 7,
	"강도_검거율" : 53,
	"강간_발생" : 470,
	"강간_검거" : 283,
	"강간_검거율" : 60,
	"절도_발생" : 1812,
	"절도_검거" : 835,
	"절도_검거율" : 46,
	"폭력_발생" : 2404,
	"폭력_검거" : 2102,
	"폭력_검거율" : 87,
	"범죄_발생_총합" : 4708,
	"범죄_검거_총합" : 3237,
	"검거율" : 68
}, {
	"X" : 4,
	"자치구" : "성동구",
	"살인_발생" : 1,
	"살인_검거" : 1,
	"살인_검거율" : 100,
	"강도_발생" : 3,
	"강도_검거" : 3,
	"강도_검거율" : 100,
	"강간_발생" : 132,
	"강간_검거" : 106,
	"강간_검거율" : 80,
	"절도_발생" : 1072,
	"절도_검거" : 543,
	"절도_검거율" : 50,
	"폭력_발생" : 1559,
	"폭력_검거" : 1378,
	"폭력_검거율" : 88,
	"범죄_발생_총합" : 2767,
	"범죄_검거_총합" : 2031,
	"검거율" : 73
}, {
	"X" : 8,
	"자치구" : "성북구",
	"살인_발생" : 7,
	"살인_검거" : 7,
	"살인_검거율" : 100,
	"강도_발생" : 8,
	"강도_검거" : 8,
	"강도_검거율" : 100,
	"강간_발생" : 173,
	"강간_검거" : 134,
	"강간_검거율" : 77,
	"절도_발생" : 1344,
	"절도_검거" : 703,
	"절도_검거율" : 52,
	"폭력_발생" : 1902,
	"폭력_검거" : 1627,
	"폭력_검거율" : 85,
	"범죄_발생_총합" : 3434,
	"범죄_검거_총합" : 2479,
	"검거율" : 72
}, {
	"X" : 24,
	"자치구" : "송파구",
	"살인_발생" : 6,
	"살인_검거" : 6,
	"살인_검거율" : 100,
	"강도_발생" : 1,
	"강도_검거" : 3,
	"강도_검거율" : 300,
	"강간_발생" : 288,
	"강간_검거" : 242,
	"강간_검거율" : 84,
	"절도_발생" : 2274,
	"절도_검거" : 1026,
	"절도_검거율" : 45,
	"폭력_발생" : 3007,
	"폭력_검거" : 2593,
	"폭력_검거율" : 86,
	"범죄_발생_총합" : 5576,
	"범죄_검거_총합" : 3870,
	"검거율" : 69
}, {
	"X" : 15,
	"자치구" : "양천구",
	"살인_발생" : 3,
	"살인_검거" : 2,
	"살인_검거율" : 66,
	"강도_발생" : 3,
	"강도_검거" : 2,
	"강도_검거율" : 66,
	"강간_발생" : 138,
	"강간_검거" : 122,
	"강간_검거율" : 88,
	"절도_발생" : 1590,
	"절도_검거" : 756,
	"절도_검거율" : 47,
	"폭력_발생" : 2148,
	"폭력_검거" : 1778,
	"폭력_검거율" : 82,
	"범죄_발생_총합" : 3882,
	"범죄_검거_총합" : 2660,
	"검거율" : 68
}, {
	"X" : 19,
	"자치구" : "영등포구",
	"살인_발생" : 15,
	"살인_검거" : 13,
	"살인_검거율" : 86,
	"강도_발생" : 5,
	"강도_검거" : 5,
	"강도_검거율" : 100,
	"강간_발생" : 455,
	"강간_검거" : 267,
	"강간_검거율" : 58,
	"절도_발생" : 2304,
	"절도_검거" : 1108,
	"절도_검거율" : 48,
	"폭력_발생" : 3190,
	"폭력_검거" : 2619,
	"폭력_검거율" : 82,
	"범죄_발생_총합" : 5969,
	"범죄_검거_총합" : 4012,
	"검거율" : 67
}, {
	"X" : 3,
	"자치구" : "용산구",
	"살인_발생" : 1,
	"살인_검거" : 1,
	"살인_검거율" : 100,
	"강도_발생" : 5,
	"강도_검거" : 4,
	"강도_검거율" : 80,
	"강간_발생" : 327,
	"강간_검거" : 289,
	"강간_검거율" : 88,
	"절도_발생" : 1346,
	"절도_검거" : 626,
	"절도_검거율" : 46,
	"폭력_발생" : 2381,
	"폭력_검거" : 2016,
	"폭력_검거율" : 84,
	"범죄_발생_총합" : 4060,
	"범죄_검거_총합" : 2936,
	"검거율" : 72
}, {
	"X" : 12,
	"자치구" : "은평구",
	"살인_발생" : 6,
	"살인_검거" : 6,
	"살인_검거율" : 100,
	"강도_발생" : 4,
	"강도_검거" : 4,
	"강도_검거율" : 100,
	"강간_발생" : 230,
	"강간_검거" : 213,
	"강간_검거율" : 92,
	"절도_발생" : 1387,
	"절도_검거" : 934,
	"절도_검거율" : 67,
	"폭력_발생" : 2256,
	"폭력_검거" : 2050,
	"폭력_검거율" : 90,
	"범죄_발생_총합" : 3883,
	"범죄_검거_총합" : 3207,
	"검거율" : 82
}, {
	"X" : 1,
	"자치구" : "종로구",
	"살인_발생" : 7,
	"살인_검거" : 5,
	"살인_검거율" : 71,
	"강도_발생" : 10,
	"강도_검거" : 8,
	"강도_검거율" : 80,
	"강간_발생" : 253,
	"강간_검거" : 173,
	"강간_검거율" : 68,
	"절도_발생" : 1644,
	"절도_검거" : 658,
	"절도_검거율" : 40,
	"폭력_발생" : 2143,
	"폭력_검거" : 1837,
	"폭력_검거율" : 85,
	"범죄_발생_총합" : 4057,
	"범죄_검거_총합" : 2681,
	"검거율" : 66
}, {
	"X" : 2,
	"자치구" : "중구",
	"살인_발생" : 1,
	"살인_검거" : 0,
	"살인_검거율" : 0,
	"강도_발생" : 9,
	"강도_검거" : 9,
	"강도_검거율" : 100,
	"강간_발생" : 267,
	"강간_검거" : 149,
	"강간_검거율" : 55,
	"절도_발생" : 1846,
	"절도_검거" : 889,
	"절도_검거율" : 48,
	"폭력_발생" : 2061,
	"폭력_검거" : 1804,
	"폭력_검거율" : 87,
	"범죄_발생_총합" : 4184,
	"범죄_검거_총합" : 2851,
	"검거율" : 68
}, {
	"X" : 7,
	"자치구" : "중랑구",
	"살인_발생" : 5,
	"살인_검거" : 5,
	"살인_검거율" : 100,
	"강도_발생" : 3,
	"강도_검거" : 4,
	"강도_검거율" : 133,
	"강간_발생" : 172,
	"강간_검거" : 144,
	"강간_검거율" : 83,
	"절도_발생" : 1533,
	"절도_검거" : 813,
	"절도_검거율" : 53,
	"폭력_발생" : 2858,
	"폭력_검거" : 2426,
	"폭력_검거율" : 84,
	"범죄_발생_총합" : 4571,
	"범죄_검거_총합" : 3392,
	"검거율" : 74
}]
